{"cameraMode":{"drawMode":0,"name":"Shaded","section":"Shading Mode"},"sceneLighting":true,"audioPlay":false,"sceneViewState":{"showFog":false,"showMaterialUpdate":false,"showSkybox":false,"showFlares":false,"showImageEffects":false,"showParticleSystems":false},"in2DMode":false,"pivot":{"x":1.490272045135498,"y":-8.513455390930176,"z":127.54705810546875},"rotation":{"x":0.11375308036804199,"y":-0.0014901070389896632,"z":0.0001706146722426638,"w":0.9935079216957092},"size":481.1118469238281,"orthographic":false}